Producer,48,29100
Producer,35,5900
Producer,13,3600
Consumer,15,3500
Consumer,12,11600
Consumer,49,6000
Producer,31,2900
Consumer,29,23300
Producer,48,5200
Consumer,29,2300
Producer,10,4500
Consumer,21,4700
Consumer,12,2500
Producer,7,3800
Producer,27,4600
Consumer,19,4700
Consumer,15,3900
Producer,30,3600
Consumer,13,5400
Producer,43,2332700
Producer,8,12800
Producer,352,4400
Producer,116,1100
Consumer,307,454700
Producer,216,7300
Producer,329,4700
Consumer,13,4400
Consumer,461,958800
Consumer,216,4500
Producer,341,7100
Producer,30,3700
Producer,20,5700
Producer,314,5000
Producer,122,5300
Consumer,32,5300
Consumer,403,2144900
Producer,244,4200
Consumer,486,4500
Producer,120,6900
Producer,226,3600
Producer,353,2600
Consumer,415,6987300
Producer,442,28900
Producer,72,5600
Consumer,265,4200
Producer,267,5500
Consumer,176,5700
Consumer,464,9372500
Producer,153,4000
Consumer,322,6667100
Consumer,136,6738600
Producer,347,15800
Consumer,25,6842700
Consumer,333,6700
Producer,325,4600
Consumer,164,6988100
Consumer,101,7066800
Producer,447,4600
Consumer,314,506900
Consumer,64,384300
Producer,408,5100
Consumer,457,636900
Producer,311,8500
Producer,160,5900
Consumer,490,8864000
Producer,198,5700
Producer,266,3100
Consumer,91,1455500
Consumer,4,523400
Consumer,354,238300
Producer,380,5600
Consumer,356,3300
Producer,311,5800
Producer,442,3700
Consumer,412,923600
Consumer,35,201300
Producer,327,2600
Consumer,467,3354300
Consumer,222,2800
Producer,432,4700
Consumer,241,739500
Consumer,16,578400
Producer,492,12700
Consumer,81,4100
Producer,61,8600
Consumer,225,13000
Producer,281,9300
Consumer,170,4100
Producer,301,122600
Consumer,325,5800
Producer,178,4700
Consumer,46,4400
Producer,239,3100
Consumer,221,4300
Consumer,281,4600
Producer,337,238400
Producer,125,4600
Consumer,212,11500
Producer,276,401900
Consumer,396,5200
Producer,12,4900
Consumer,221,14200
Producer,160,8800
Consumer,130,5200
Producer,364,6100
Consumer,309,4600
Producer,273,6000
Consumer,267,5800
Producer,87,26400
Producer,91,12200
Consumer,274,3800
Producer,472,7800
Consumer,374,306000
Consumer,273,13900
Producer,191,3700
Producer,56,13500
Consumer,409,136700
Producer,490,6300
Consumer,237,167000
Consumer,117,4400
Producer,374,6000
Consumer,228,6800
Producer,248,6900
Consumer,124,4800
Producer,182,4500
Consumer,340,6000
Producer,115,4600
Consumer,23,15900
Producer,114,4900
Consumer,362,4400
Producer,53,11500
Consumer,31,4600
Producer,144,4500
Consumer,176,4400
Producer,295,5300
Consumer,233,4600
Producer,218,4000
Producer,396,4500
Consumer,192,4300
Consumer,450,425200
Producer,166,5600
Consumer,97,5500
Producer,254,6600
Consumer,383,221000
Producer,83,14200
Producer,345,9800
Producer,432,5500
Consumer,175,3000
Consumer,280,588700
Consumer,285,610400
Producer,476,5700
Consumer,288,7600
Consumer,349,4200
Producer,274,2200
Producer,19,2700
Consumer,70,3800
Producer,221,6800
Consumer,176,6300
Producer,349,7500
Consumer,132,3700
Producer,339,5600
Consumer,469,4600
Producer,436,12400
Consumer,427,307800
Consumer,108,5000
Producer,330,245000
Producer,28,14700
Consumer,271,8300
Producer,52,6100
Consumer,373,3300
Producer,490,10900
Consumer,327,10600
Producer,144,17000
Consumer,115,3600
Producer,75,2900
Producer,93,9700
Consumer,205,6700
Producer,289,10200
Consumer,378,829100
Consumer,48,3800
Producer,246,12300
Producer,99,3400
Producer,147,5700
Consumer,443,387700
Producer,306,8300
Consumer,322,1333100
Producer,134,5400
Consumer,192,4200
Consumer,32,531500
Producer,175,4100
Producer,232,4600
Consumer,217,258300
Producer,17,3200
Consumer,104,164100
Consumer,23,6100
Producer,256,14700
Producer,24,7500
Producer,147,4700
Consumer,421,302000
Producer,485,13300
Consumer,424,4077200
Producer,172,3500
Consumer,111,1721400
Producer,417,20800
Consumer,428,1206100
Producer,213,3300
Consumer,246,950500
Consumer,70,251900
Producer,497,6500
Consumer,421,345400
Consumer,5,219800
Consumer,135,150900
Consumer,43,104000
Producer,475,5200
Consumer,477,1602300
Producer,78,3000
Producer,159,9900
Producer,15,6000
Consumer,205,100854400
Producer,3175,10100
Consumer,2912,7500
Producer,3538,6200
Producer,4320,5100
Consumer,555,3700
Consumer,4536,477700
Producer,1996,5900
Producer,3120,220500
Consumer,4651,545400
Consumer,2078,3500
Producer,1107,3000
Producer,3357,5600
Consumer,3337,130800
Producer,3167,4800
Consumer,3692,130000
Producer,1799,7600
Producer,2876,4900
Consumer,3376,4800
Producer,4747,4000
Consumer,3054,2900
Consumer,3166,425500
Producer,4672,313100
Consumer,2112,6200
Consumer,62,4400
Producer,4053,263100
Consumer,4885,2113400
Producer,2914,143500
Consumer,1471,315700
Producer,3860,4100
Consumer,294,5300
Consumer,3385,3200
Producer,4837,189800
Consumer,1901,6400
Producer,1126,123600
Consumer,985,14900
Consumer,233,4100
Producer,1950,540300
Consumer,657,74200
Producer,15,571400
Consumer,1888,2700
Consumer,1736,1900
Consumer,792,1800
Producer,4652,960800
Consumer,1363,1900
Producer,1823,215900
Consumer,705,1900
Consumer,2333,3600
Producer,338,1389200
Consumer,3686,2600
Producer,1887,2105600
Producer,66,945100
Consumer,4245,2000
Producer,3867,1667400
Producer,2167,546400
Producer,2195,405700
Consumer,4399,6400
Consumer,1090,1900
Producer,4809,1564900
Consumer,4458,11400
Producer,4971,2781400
Consumer,4578,2700
Consumer,2881,2500
Consumer,419,3300
Producer,1506,1148600
Producer,4430,2500
Producer,160,792800
Consumer,2148,2300
Producer,2937,1103100
Consumer,4178,6000
Producer,2867,417800
Producer,2365,265200
Consumer,2748,4300
Producer,2961,1020500
Consumer,3453,2400
Producer,2185,754000
Consumer,2050,3300
Consumer,2255,3600
Producer,4481,1432400
Consumer,3481,1700
Producer,4592,1516400
Consumer,225,2500
Consumer,3283,1800
Producer,1741,755300
Consumer,1994,1900
Producer,4006,1491600
Consumer,3254,2000
Consumer,1287,1700
Producer,765,1057500
Consumer,465,3300
Consumer,4515,3000
Producer,4370,1945800
Producer,4128,1211600
Producer,234,1072900
Consumer,4853,2300
Producer,1115,488600
Producer,2771,492000
Consumer,829,4200
Consumer,4026,1800
Producer,584,3300
Producer,1615,1990300
Producer,313,633200
Consumer,1971,2800
Producer,1765,2000
Producer,1691,193000
Consumer,2204,4800
Consumer,1801,6700
Producer,4866,2757800
Consumer,1190,35000
Consumer,1867,2900
Producer,3593,1217700
Consumer,759,1800
Consumer,4968,1700
Producer,3255,184200
Producer,78,695500
Consumer,971,1800
Producer,2335,1608100
Consumer,4974,4800
Producer,4848,962000
Consumer,4941,3700
Producer,4971,1396100
Consumer,639,8400
Consumer,2548,3300
Producer,3724,1389400
Consumer,332,2100
Producer,1389,666400
Consumer,2025,1700
Producer,1724,269100
Consumer,1646,3500
Consumer,547,4900
Consumer,3433,2300
Producer,2219,1622400
Consumer,3675,3000
Producer,4653,3613900
Consumer,2034,2100
Producer,1415,1106500
Consumer,2827,2400
Producer,4800,824800
Consumer,3865,2100
Producer,4660,2795400
Consumer,2266,2000
Consumer,4744,1900
Producer,2756,1382300
Producer,2078,719400
Producer,2184,730600
Consumer,1240,6000
Consumer,565,2600
Consumer,4370,4600
Producer,4472,4066300
Producer,1518,2150400
Consumer,1895,2200
Consumer,1111,2600
Consumer,802,2400
Producer,3043,1688000
Producer,1186,1300100
Consumer,62,2800
Consumer,939,2300
Consumer,4291,2000
Producer,3648,1718700
Consumer,4433,6800
Producer,2766,4622000
Consumer,1230,8600
Producer,490,1790000
Producer,4320,3935700
Consumer,627,1400
Consumer,2302,1300
Consumer,2108,1300
Producer,3067,2322700
Consumer,3607,1000
Producer,4906,3125000
Consumer,3192,1100
Producer,3551,2877600
Consumer,1179,1100
Consumer,1767,1200
Consumer,2713,900
Producer,1417,2684400
Producer,1908,2705700
Producer,546,2324300
Producer,1259,2403100
Consumer,889,1800
Consumer,1601,1500
Consumer,2353,900
Producer,4996,2372600
Consumer,4598,1200
Producer,3646,4446200
Consumer,3211,3000
Producer,460,2310000
Consumer,2124,1400
Producer,4998,3364900
Consumer,1836,2100
Consumer,4469,211900
Producer,1409,2954100
Producer,29,1300
Producer,4932,5599400
Consumer,1044,1200
Consumer,1315,1400
Producer,412,2315400
Consumer,3630,1900
Producer,4668,3760100
Producer,1984,1848300
Consumer,1561,6400
Consumer,4959,600
Producer,2979,2967100
Producer,618,2318400
Producer,293,2342400
Consumer,2336,1500
Producer,3652,2407400
Consumer,628,2300
Consumer,3336,1000
Producer,3031,4958200
Consumer,1664,1700
Producer,819,2065400
Producer,1761,2129500
Consumer,662,1400
Consumer,1821,2100
Producer,3128,4678800
Consumer,1451,1000
Producer,1359,2368100
Producer,1233,2025200
Consumer,3261,1500
Producer,2081,1771000
Consumer,640,1300
Producer,577,1825100
Consumer,760,1300
Consumer,747,1100
Consumer,1545,2400
Producer,4039,5391900
Consumer,3542,1500
Consumer,2353,1300
Producer,1775,2110200
Producer,2860,2750700
Consumer,4997,2000
Producer,4007,4752300
Consumer,351,2200
Producer,2807,2087300
Consumer,371,2800
Consumer,3301,6400
Producer,1607,3539000
Consumer,3457,1800
Producer,4413,10911900
Consumer,253,1400
Consumer,1450,1900
Consumer,3201,1300
Producer,3425,5329300
Consumer,2748,1100
Producer,2118,5298300
Producer,1544,4857400
Producer,284,4856200
Consumer,3286,7400
Producer,4150,6173000
Consumer,1422,1100
Consumer,1368,1100
Consumer,4673,1200
Producer,4660,5568000
Producer,3438,4672500
Consumer,1748,6900
Producer,1555,3167600
Consumer,4406,1000
Producer,3088,8039400
Consumer,1316,1000
Consumer,1087,1000
Consumer,259,5700
Producer,1987,3543600
Consumer,3047,1300
Consumer,4635,1000
Producer,4115,2618700
Producer,2117,2923400
Producer,2564,2552600
Consumer,393,1400
Producer,717,2619100
Consumer,3623,1100
Producer,4353,8299200
Consumer,2840,1500
Consumer,2304,1500
Producer,4662,7979800
Consumer,328,1500
Consumer,268,1600
Producer,608,3947300
Consumer,378,2800
Consumer,3554,5800
Consumer,2782,1300
Producer,2272,4609800
Producer,1790,5362100
Producer,520,4281000
Consumer,1713,1400
Consumer,4936,1500
Producer,4330,4280600
Producer,4136,4900200
Consumer,454,1100
Producer,622,3042100
Consumer,1945,1200
Consumer,3451,1700
Producer,2494,4046500
Producer,547,3459300
Consumer,4246,1100
Consumer,2301,4800
Producer,598,3564100
Producer,4849,5944400
Producer,3422,3677800
Consumer,4700,2200
Producer,3469,8011700
Producer,1434,3314000
Producer,219,2780700
Consumer,4351,1700
Consumer,191,1300
Producer,4118,5296000
Consumer,590,1100
Consumer,3030,1200
Consumer,2064,2300
Producer,1792,3563300
Producer,1304,5100400
Consumer,4608,1100
Producer,4117,3657900
Consumer,2341,1800
Producer,2234,5571700
Producer,3197,3562200
Consumer,2432,1700
Consumer,852,22900
Consumer,2918,600
Producer,4969,4588600
Consumer,260,400
Consumer,1971,500
Consumer,3294,800
Producer,4158,6003800
Consumer,437,1200
Consumer,4104,2600
Producer,3024,6463300
Consumer,2638,800
Producer,1313,5059100
Producer,4301,7469200
Consumer,4972,384300
Producer,102,5031100
Producer,3641,5044400
Producer,2591,4889500
Consumer,3227,700
Consumer,4511,1200
Producer,1215,4816500
Producer,414,1900
Producer,3526,4871000
Consumer,2754,600
Producer,4552,7518600
Consumer,2348,600
Producer,2513,4155300
Consumer,1289,400
Consumer,4670,600
Producer,4303,7155000
Consumer,3166,900
Producer,283,4105900
Consumer,3883,1300
Producer,2958,5279900
Producer,520,3436900
Producer,3253,4654500
Producer,915,3101200
Consumer,4017,400
Producer,4326,1541500
Consumer,960,600
Consumer,4748,5200
Producer,4100,7925700
Consumer,3178,500
Producer,409,3004500
Producer,4318,5066500
Consumer,1206,400
Consumer,3821,478700
Producer,4525,2641600
Consumer,576,300
Producer,52,2725800
Producer,1254,2591900
Consumer,385,1600
Producer,1743,2391900
Consumer,3299,600
Producer,3117,5239000
Consumer,4028,500
Consumer,4745,3900
Producer,4453,5569400
Producer,4284,2252700
Consumer,1,700
Consumer,2681,110000
Producer,2854,9131200
Producer,30,2351000
Consumer,3663,1100
Producer,574,4142300
Producer,1864,2264200
Producer,565,1913600
Consumer,1866,500
Producer,279,1935400
Consumer,3798,300
Producer,2402,1556600
Consumer,623,800
Producer,2532,4110100
Consumer,4825,700
Producer,4885,2151600
Producer,587,1913400
Consumer,1931,1200
Producer,572,1494600
Producer,122,4158500
Producer,1025,1489300
Consumer,4059,4700
Producer,1667,940700
Producer,2345,585600
Producer,719,288600
Consumer,1257,400
Consumer,2634,500
Producer,4282,3275400
Consumer,2538,500
Consumer,2147,400
Producer,2396,6743800
Producer,1494,631100
Consumer,3926,900
Producer,1469,333000
Producer,2368,1827400
Consumer,2347,600
Producer,2170,122900
Consumer,1553,3300
Consumer,2771,700
Producer,1522,2260800
Consumer,2499,300
Producer,2720,880900
Producer,3636,9290400
Consumer,3581,35300
Producer,2090,248700
Producer,1756,1555500
Consumer,4490,600
Producer,2022,3565300
Consumer,3588,800
Producer,4604,12634600
Consumer,4707,1300
Producer,2691,2026200
Producer,1916,148000
Consumer,1362,600
Producer,1880,1766900
Consumer,1401,700
Consumer,3107,400
Producer,4396,1679800
Producer,1047,636600
Consumer,4770,400
Producer,2048,1014400
Consumer,3043,500
Producer,4137,2387400
Producer,582,400600
Consumer,419,400
Consumer,2670,300
Producer,2986,868900
Consumer,3747,1100
Producer,3137,1616400
Consumer,182,1500
Producer,1370,1866000
Consumer,2707,1400
Consumer,25,1100
Producer,2747,500
Consumer,1781,600
Consumer,4982,900
Producer,2804,2904900
Consumer,4083,400
Producer,4798,1960700
Producer,2776,2536000
Consumer,2948,319000
Consumer,121,300
Producer,1013,1217600
Producer,2920,3594700
Consumer,431,700
Consumer,4192,400
Producer,1783,1273300
Producer,2460,1160600
Consumer,3152,300
Producer,2534,709700
Consumer,2990,1200
Producer,4242,2442200
Consumer,2897,400
Producer,1459,2194000
Producer,973,772400
Consumer,2303,400
Consumer,1159,400
Producer,2293,1298800
Producer,1169,382300
Consumer,3941,500
Consumer,865,300
Producer,4676,2123600
Consumer,1005,1000
Consumer,3616,700
Producer,4519,1827600
Consumer,1307,300
Consumer,195,500
Consumer,217,300
Producer,2254,1596700
Consumer,2542,4900
Producer,2028,2155800
Consumer,3744,400
Consumer,4019,4900
Producer,4757,1848000
Producer,2433,1438300
Consumer,4860,700
Producer,2454,2180700
Producer,3307,1296000
Consumer,1829,600
Consumer,1879,1500
Producer,2473,2393900
Consumer,4583,5800
Consumer,2345,700
Producer,3301,2549400
Producer,4723,4812400
Consumer,788,500
Consumer,319,400
Consumer,1972,600
Producer,1338,2364900
Producer,1161,2000000
Consumer,94,700
Consumer,2842,800
Consumer,65,900
Consumer,760,400
Producer,4153,4255900
Consumer,1173,1300
Consumer,2492,400
Consumer,3506,800
Producer,2503,4979900
Consumer,2826,85400
Producer,2659,4833500
Producer,4753,6990500
Consumer,3822,130200
Producer,1029,4929700
Producer,869,4856800
Producer,206,4839000
Consumer,4671,800
Consumer,1010,400
Producer,4442,4607000
Consumer,4270,500
Producer,583,4017700
Producer,4509,6359900
Producer,1208,3831800
Consumer,4400,400
Producer,2282,3984000
Producer,296,1339400
Producer,472,725200
Consumer,4976,400
Producer,1847,2188400
Producer,4997,576900
Consumer,4406,400
Producer,3173,667900
Consumer,2008,700
Producer,4407,1672000
Consumer,3842,1400
Consumer,2339,1000
Producer,3919,3703600
Consumer,2648,1500
Consumer,1658,800
Producer,1980,2600300
Producer,3660,2884000
Consumer,3623,300
Producer,2575,2614000
Consumer,1903,600
Producer,994,2104900
Producer,2514,1740400
Consumer,3855,600
Producer,2165,2852000
Consumer,1170,500
Consumer,3052,800
Producer,2701,2562500
Consumer,841,700
Producer,3136,2592600
Consumer,1111,500
Consumer,3827,700
Producer,4824,2293300
Consumer,437,400
Consumer,4451,700
Producer,4694,4625200
Producer,1317,1691000
Consumer,2135,600
Producer,1833,2105500
Consumer,4555,500
Producer,1865,1389000
Producer,546,1247600
Producer,1450,1114800
Consumer,2589,1200
Producer,986,2467500
Producer,2600,1469100
Producer,218,1293800
Consumer,2508,5700
Consumer,1965,500
Producer,3298,2016700
Consumer,473,11400
Consumer,4667,600
Producer,3679,4407600
Producer,518,781800
Consumer,4846,600
Producer,3120,1774600
Producer,3023,633000
Producer,718,509000
Consumer,3426,800
Producer,2847,2519900
Consumer,3535,1700
Producer,3507,2124900
Consumer,3158,400
Producer,3734,836000
Consumer,4820,300
Producer,1142,1370500
Consumer,2673,800
Producer,489,1883600
Producer,4534,249000
Consumer,1721,400
Producer,1232,800
Producer,328,357900
Consumer,4596,600
Producer,2642,775500
Producer,1096,600
Consumer,3487,1100
Producer,4843,301300
Producer,910,600
Consumer,3440,400
Producer,2060,900
Producer,1514,500
Consumer,2708,6700
Consumer,200,1200
Consumer,4424,500
Producer,3761,1200
Producer,3505,500
Consumer,320,600
Consumer,273,700
Consumer,2319,500
Consumer,3971,500
Producer,3567,942900
Producer,146,788800
Producer,2625,591500
Consumer,3570,1000
Producer,3311,391300
Consumer,3923,900
Producer,1374,180900
Consumer,1145,900
Producer,4475,145700
Consumer,2897,9700
Consumer,2793,400
Producer,3861,427800
Producer,343,203800
Consumer,910,800
Consumer,280,900
Consumer,652,500
Consumer,2340,700
Producer,3130,816900
Consumer,1846,1700
Producer,4290,1482700
Consumer,1463,500
Consumer,4633,9600
Producer,4851,1074000
Consumer,1494,400
Consumer,4942,400
Producer,4408,1260400
Producer,1868,1047500
Consumer,1292,400
Consumer,2691,1100
Producer,4501,1314500
Consumer,2763,400
Consumer,4071,700
Producer,4163,1550800
Producer,502,1247200
Producer,739,1058900
Consumer,2302,400
Producer,4104,3206200
Producer,390,782500
Consumer,3897,500
Producer,1899,614700
Producer,1276,1000
Consumer,1995,900
Consumer,3681,400
Producer,2846,1060900
Consumer,3990,500
Producer,4232,2070400
Producer,135,366900
Producer,3520,251600
Consumer,4043,32300
Consumer,1984,500
Producer,1397,290500
Producer,165,169000
Consumer,3696,500
Producer,4555,1166400
Consumer,4084,500
Producer,1491,229300
Producer,1538,400
Producer,1294,278900
Consumer,4071,1200
Producer,132,400
Consumer,801,800
Producer,1293,900
Consumer,2626,500
Producer,3311,400
Consumer,2333,600
Producer,3626,300
Consumer,554,6400
Producer,3852,700
Consumer,3026,700
Consumer,408,16500
Consumer,1055,700
Producer,3803,400
Consumer,4813,400
Producer,4893,273500
Producer,1115,264400
Producer,683,317700
Consumer,4711,1100
Producer,4993,500
Consumer,4141,800
Producer,3636,600
Consumer,308,500
Producer,70,2500
Consumer,4032,7400
Producer,1081,700
Consumer,3626,400
Producer,4601,400
Consumer,4637,800
Producer,281,400
Consumer,2541,500
Producer,1084,500
Producer,1191,400
Producer,3997,900
Consumer,4947,785800
Producer,1218,1200
Producer,1730,700
Consumer,3554,1202800
Producer,834,600
Consumer,1525,85900
Producer,2434,500
Producer,911,400
Consumer,1044,687500
Consumer,2153,398300
Producer,2502,1100
Consumer,2691,1241300
Producer,2901,500
Producer,2878,400
Consumer,843,1036700
Consumer,3477,618100
Consumer,71,314500
Producer,1236,400
Producer,498,1000
Producer,2879,400
Consumer,4347,2391200
Producer,1661,1000
Producer,1652,400
Consumer,2799,955000
Producer,2490,600
Consumer,3651,1613900
Consumer,1000,711000
Producer,1591,500
Producer,1041,400
Producer,3873,400
Consumer,3253,1449400
Consumer,3045,836700
Producer,1968,500
Producer,2745,500
Consumer,4300,992400
Producer,437,82500
Producer,4016,700
Consumer,1355,1735900
Consumer,717,1566100
Producer,1555,600
Consumer,4413,2603500
Producer,1732,5700
Producer,2347,400
Consumer,1772,1637300
Producer,2906,1000
Consumer,4596,2312700
Producer,988,600
Producer,4255,500
Consumer,1635,1709900
Producer,80,600
Consumer,4466,2658900
Producer,4964,5400
Consumer,4990,1872900
Producer,4875,400
Consumer,2622,1771500
Producer,2100,500
Consumer,4198,1890100
Producer,2856,500
Consumer,2436,1835900
Producer,1393,800
Producer,1615,400
Consumer,1421,2135300
Consumer,1764,1786100
Producer,1100,500
Producer,77,400
Producer,3276,400
Consumer,953,2722900
Consumer,199,2352100
Producer,1113,400
Consumer,4767,1231800
Producer,1728,500
Producer,1349,300
Producer,2193,300
Consumer,1646,2634100
Consumer,502,2304900
Consumer,1837,1815100
Producer,4036,400
Consumer,1874,1777400
Consumer,3564,4162700
Producer,4666,400
Consumer,3908,3354600
Producer,4213,600
Consumer,4120,1750100
Producer,4518,500
Consumer,1974,2272600
Consumer,944,1544400
Consumer,1175,1420600
Producer,1051,300
Producer,2612,800
Consumer,1668,2386300
Consumer,711,1673500
Producer,429,700
Consumer,2921,1821300
Producer,1254,900
Producer,4849,700
Consumer,3275,1851100
Consumer,180,979900
Producer,69,400
Consumer,1453,1526100
Consumer,881,805100
Producer,4372,500
Consumer,2824,3889000
Consumer,420,527600
Consumer,702,359600
Producer,635,600
Producer,2295,300
Producer,1897,800
Consumer,3466,2278900
Producer,2235,700
Producer,2590,700
Consumer,2546,1406800
Consumer,3728,1202200
Consumer,303,892500
Producer,2760,400
Producer,282,600
Consumer,1509,936500
Consumer,724,722700
Producer,2131,600
Producer,2128,1100
Consumer,1579,1123800
Consumer,556,945600
Consumer,1725,705900
Producer,448,400
Producer,3162,500
Consumer,2604,768800
Consumer,252,505000
Consumer,1411,325000
Producer,1466,1000
Producer,2887,300
Consumer,2805,486600
Consumer,2634,194400
Producer,2502,500
Producer,2882,500
Consumer,4579,5467600
Producer,2898,700
Consumer,1141,128900
Consumer,173,516800
Producer,3364,400
Consumer,4024,892200
Producer,3099,1000
Consumer,3915,537800
Consumer,876,396400
Producer,1845,400
Consumer,1903,94700
Producer,1506,600
Producer,432,1300
Producer,1254,700
Consumer,3133,576100
Producer,2465,400
Consumer,1155,653100
Producer,2283,1000
Consumer,2809,810700
Producer,4421,400
Consumer,4234,769000
Producer,4078,900
Consumer,3658,779700
Producer,1641,1000
Producer,3335,800
Consumer,2971,500
Producer,1086,400
Consumer,4128,1153000
Producer,4988,400
Consumer,3670,1214400
Producer,2721,600
Consumer,4110,1295100
Producer,599,1000
Producer,2773,700
Producer,952,600
Consumer,1951,1758600
Producer,1561,400
Consumer,3962,1789600
Producer,2270,18400
Producer,4110,500
Consumer,4851,1415000
Producer,4095,300
Consumer,1622,1418900
Consumer,3321,1158200
Producer,781,1000
Producer,861,1000
Producer,1736,5100
Producer,1271,5900
Consumer,3563,2293200
Producer,3912,500
Consumer,4899,3858000
Producer,4198,500
Consumer,4473,2518200
Consumer,447,2050300
Producer,566,1300
Producer,108,500
Producer,2949,7400
Consumer,3285,3376400
Producer,1541,500
Consumer,2195,2995600
Producer,1470,1100
Producer,398,500
Producer,3393,400
Consumer,2334,2956600
Producer,671,700
Producer,4743,700
Consumer,3328,3298800
Consumer,3738,2970900
Consumer,364,2811900
Producer,995,800
Producer,1167,500
Consumer,1580,2923000
Consumer,1177,2481800
Producer,4583,500
Consumer,2672,2265800
Producer,4330,300
Consumer,4960,4265000
Producer,2951,800
Producer,1536,500
Consumer,4999,2968400
Producer,4948,5700
Consumer,4792,3406000
Producer,1869,500
Consumer,1913,3298900
Producer,1269,800
Producer,3971,400
Consumer,4995,2975900
Producer,2982,900
Producer,3351,800
Consumer,3898,3773000
Consumer,3375,3113400
Consumer,300,2949100
Producer,1676,700
Producer,4697,400
Consumer,3559,2799900
Consumer,2690,3047400
Producer,1110,800
Producer,4407,400
Consumer,2635,3774900
Consumer,1813,3301700
Producer,3196,4700
Consumer,2748,3176600
Producer,2044,800
Consumer,1750,3205100
Consumer,1019,2968900
Producer,2132,500
Producer,398,300
Consumer,3005,3404200
Consumer,301,3213800
Producer,3111,500
Producer,3587,1000
Consumer,2041,3881000
Consumer,1530,3714200
Producer,1832,500
Consumer,2413,2344600
Producer,4117,800
Consumer,4501,210700
Consumer,1162,2470800
Consumer,243,2188500
Producer,4756,400
Consumer,3888,5107200
Consumer,1251,1796900
Producer,4274,700
Consumer,2972,3412500
Producer,3583,500
Consumer,2060,3154900
Consumer,295,2057600
Producer,852,800
Consumer,3344,2758400
Producer,558,400
Producer,3480,300
Consumer,4540,2218600
Producer,2137,400
Producer,4846,400
Consumer,2707,3398600
Producer,1048,400
Consumer,985,1741500
Consumer,752,1068900
Consumer,3407,920000
Producer,2919,400
Consumer,2034,859900
Producer,4011,400
Consumer,4693,1592500
Consumer,560,809100
Producer,1397,7000
Producer,1825,1100
Producer,240,900
Consumer,2851,1640000
Producer,992,900
Consumer,612,1951300
Producer,468,500
Producer,4340,900
Consumer,2935,5228500
Consumer,1196,2443800
Producer,241,400
Producer,3507,500
Consumer,4644,3928200
Producer,3135,1100
Consumer,3468,2774700
Producer,4085,400
Consumer,4259,3906800
Producer,2219,14800
Consumer,1366,3216500
Producer,3152,500
Consumer,1258,3298700
Consumer,2798,1464600
Producer,4757,600
Consumer,2867,2820200
Producer,2753,400
Consumer,1986,2766700
Producer,4952,800
Consumer,4999,2376400
Producer,4856,900
Consumer,2464,2552400
Consumer,3646,1635400
Producer,4904,1400
Consumer,4200,2552400
Consumer,1506,1269300
Producer,1863,700
Producer,317,400
Producer,1413,300
Consumer,4028,1482300
Producer,1366,400
Producer,3091,300
Consumer,3299,2891800
Producer,911,300
Consumer,1797,2188700
Producer,2913,500
Producer,4646,300
Consumer,2950,2335100
Consumer,2292,1973400
Consumer,2911,1770900
Producer,1066,700
Producer,884,6500
Producer,4870,800
Consumer,1095,2193100
Consumer,4841,2000700
Producer,2766,400
Consumer,3759,3406400
Producer,1112,600
Producer,2109,500
Producer,2022,1200
Consumer,3843,2611500
Producer,1096,500
Producer,878,600
Producer,2151,9300
Consumer,4028,3285200
Producer,3097,400
Consumer,1752,3131500
Producer,3186,500
Consumer,4559,4164100
Producer,3691,600
Consumer,4992,8245700
Producer,3516,400
Producer,3450,7000
Consumer,3232,3543600
Producer,1048,7800
Consumer,1735,3411100
Consumer,1264,3103600
Consumer,970,2648900
Producer,1610,500
Producer,1932,600
Producer,1608,500
Consumer,1392,3304000
Consumer,1757,2849000
Consumer,2500,2791300
Consumer,303,2556300
Producer,304,500
Producer,4264,500
Consumer,4676,4773100
Producer,4593,500
Consumer,1656,3165400
Producer,121,4400
Producer,4509,6100
Consumer,679,3435400
Consumer,4150,2943400
Consumer,2647,2768000
Producer,1884,300
Producer,1700,1200
Producer,2840,300
Consumer,3684,3164400
Consumer,1518,2919000
Producer,1467,500
Producer,2352,500
Consumer,4281,7904000
Consumer,949,2689900
Producer,1404,900
Producer,2075,300
Producer,3000,400
Consumer,1802,2812300
Consumer,1132,2521800
Producer,2368,600
Consumer,3703,3656200
Producer,2810,400
Consumer,4452,5318400
Producer,862,700
Producer,2243,600
Consumer,3533,3357100
Producer,4462,300
Consumer,1517,3200700
Producer,1054,1400
Producer,1982,800
Consumer,4712,3907400
Producer,2957,500
Consumer,2173,3468300
Producer,1603,800
Producer,3746,600
Consumer,3857,4195100
Consumer,3498,3669200
Producer,4528,1100
Consumer,2324,4197300
Producer,4745,600
Consumer,4760,5978200
Consumer,1908,3765500
Producer,265,600
Producer,108,900
Producer,1680,600
Producer,2463,1300
Consumer,2702,5222800
Producer,3443,116900
Consumer,4194,5420500
Producer,1911,1000
Producer,3504,900
Consumer,3058,4799400
Consumer,3018,4483100
Producer,73,500
Producer,4633,500
Consumer,3967,5984300
Consumer,194,4189100
Producer,4560,1000
Consumer,1126,4967400
Producer,782,500
Consumer,4432,4130000
Producer,3870,1300
Consumer,2668,4823100
Consumer,1647,4215000
Producer,2193,600
Consumer,2595,6498200
Producer,4631,500
Consumer,3736,5120500
Producer,2605,700
Consumer,3291,4828000
Producer,4729,4200
Consumer,3098,4829700
Producer,2086,600
Consumer,1713,4711200
Producer,3505,5100
Consumer,2087,4544000
Producer,4376,1300
Consumer,4647,4567700
Producer,3443,700
Consumer,1633,3753500
Consumer,2740,4516200
Consumer,398,3634200
Consumer,2409,3372800
Producer,833,6200
Producer,4124,1200
Consumer,2539,3972600
Consumer,1880,3629800
Producer,4678,1200
Consumer,1486,4421600
Consumer,664,3204500
Consumer,1500,2946300
Producer,4643,5200
Consumer,4302,5903200
Consumer,1321,2700300
Consumer,335,2587200
Producer,1367,600
Producer,4837,600
Consumer,3067,3741100
Consumer,1230,2897600
Producer,1414,400
Consumer,988,3426100
Consumer,10,2440800
Producer,2083,500
Consumer,3990,5053000
Producer,3279,1200
Producer,553,400
Consumer,4119,2308600
Producer,799,700
Producer,2498,300
Producer,1215,400
Consumer,3643,2484300
Consumer,833,2271700
Producer,1870,700
Consumer,2284,3073400
Producer,1666,600
Producer,667,900
Consumer,976,2655100
Consumer,361,2083200
Producer,4295,600
Consumer,2796,2508400
Consumer,2027,1698700
Producer,308,7800
Producer,3128,600
Consumer,1286,2495800
Consumer,992,1938300
Producer,3484,600
Consumer,4296,2359700
Producer,3622,600
Consumer,4156,6774100
Producer,4379,1000
Consumer,1826,2638300
Producer,1245,600
Consumer,3575,2435300
Producer,1030,400
Producer,1480,800
Consumer,2957,2649600
Producer,1666,500
Producer,3096,300
Consumer,2240,3227700
Producer,285,6300
Producer,3269,400
Consumer,2917,3065700
Consumer,1884,2255200
Consumer,1286,2114300
Producer,3653,500
Consumer,555,1945900
Consumer,2810,2853200
Producer,3657,1000
Consumer,3484,3620500
Producer,3815,500
Consumer,3709,2467700
Producer,870,5100
Producer,4687,400
Consumer,677,2133600
Consumer,3468,1849000
Consumer,29,1623700
Producer,3910,600
Consumer,875,1474900
Consumer,1016,2263200
Consumer,1777,1435400
Producer,2350,600
Consumer,4125,2960800
Producer,2710,500
Consumer,3145,1731400
Producer,3464,800
Consumer,3089,1818500
Producer,3792,300
Consumer,583,1790200
Consumer,1767,772600
Consumer,1833,558300
Producer,4466,400
Consumer,3668,1874900
Consumer,42,209600
Producer,2957,1200
Consumer,1652,2256000
Producer,1286,500
Consumer,2429,1530300
Producer,910,9600
Producer,3001,500
Producer,2612,400
Consumer,3245,1661700
Consumer,1624,715600
Consumer,801,560500
Producer,1545,300
Producer,3207,300
Consumer,3128,548900
Consumer,2372,339500
Producer,1781,400
Producer,916,400
Producer,1882,13000
Consumer,4941,2785800
Consumer,27,1044800
Producer,4161,400
Consumer,2216,848500
Consumer,1304,400
Consumer,966,286200
Producer,1184,500
Producer,1295,600
Consumer,2071,937400
Consumer,397,223100
Producer,4008,500
Consumer,3939,2226000
Producer,2695,600
Consumer,2188,735700
Producer,2437,600
Consumer,3322,693500
Producer,1273,500
Producer,1907,400
Consumer,3152,179200
Producer,562,700
Producer,3624,700
Consumer,99,927800
Consumer,809,574100
Producer,1470,9800
Consumer,3614,1535700
Producer,2834,3800
Consumer,4002,563900
Producer,1492,500
Producer,1143,600
Consumer,1243,716000
Producer,4427,3900
Consumer,4900,1103700
Producer,4467,400
Consumer,3594,945600
Consumer,254,359900
Consumer,1225,193200
Producer,2450,700
Producer,1441,600
Consumer,621,569400
Producer,74,500
Consumer,3018,1789800
Producer,1968,600
Producer,443,400
Consumer,1726,558400
Producer,1064,16000
Producer,2414,400
Consumer,2738,830900
Producer,3652,400
Consumer,4326,1582100
Consumer,135,617800
Consumer,1064,417700
Producer,3045,300
Consumer,2086,1017300
Producer,2679,1000
Consumer,3011,795200
Producer,3903,300
Consumer,4266,977200
Producer,606,400
Producer,3195,600
Consumer,1182,635500
Producer,4471,400
Consumer,1597,1405900
Consumer,705,445800
Consumer,1500,296200
Producer,3424,500
Consumer,4785,145000
Consumer,914,600
Producer,942,500
Producer,3142,600
Consumer,3770,1328700
Producer,2927,400
Consumer,3444,309600
Consumer,436,169700
Producer,4743,600
Consumer,1036,280300
Consumer,2719,600
Producer,2869,400
Consumer,2845,400
Producer,2894,400
Consumer,1592,800
Producer,4117,1000
Consumer,1352,800
Consumer,2165,400
Producer,4156,160300
Consumer,2726,700
Consumer,840,400
Producer,4964,500
Consumer,1946,400
Consumer,1354,300
Producer,1242,475800
Consumer,1760,300
Consumer,2467,400
Producer,4461,620300
Producer,613,495700
Consumer,3721,400
Producer,4943,1763300
Consumer,1057,300
Consumer,1027,800
Producer,1622,775300
Consumer,2546,900
Producer,3625,1415400
Consumer,3908,500
Producer,3243,1444900
Consumer,4849,600
Producer,747,400
Producer,556,1059800
Producer,2185,1406600
Consumer,2859,1000
Consumer,4351,500
Producer,806,618800
Producer,2862,579400
Producer,3795,798600
Consumer,1444,600
Producer,2295,400
Consumer,4776,400
Producer,4998,80600
Consumer,3937,600
Producer,65,300
Producer,2960,721600
Consumer,1843,500
Consumer,2942,400
Producer,3916,134300
Producer,344,400
Consumer,2323,300
Producer,3826,300
Consumer,1416,400
Producer,655,700
Consumer,1660,700
Producer,2603,500
Consumer,2312,400
Producer,1063,400
Consumer,4354,400
Producer,1298,400
Consumer,120,400
Producer,148,300
Consumer,230,300
Producer,3048,300
Consumer,2671,400
Producer,4226,500
Consumer,4232,300
Producer,1495,300
Consumer,2496,700
Producer,4799,400
Consumer,4134,800
Producer,81,500
Consumer,2162,400
Producer,1467,300
Consumer,4213,300
Producer,2830,500
Consumer,2749,500
Producer,4572,400
Consumer,4568,300
Producer,1259,500
Consumer,1332,300
Producer,3841,500
Consumer,1821,1100
Producer,2144,500
Consumer,450,300
Producer,4159,400
Consumer,19,400
Producer,1733,1300
Consumer,3608,400
Producer,408,600
Consumer,789,4200
Producer,2498,400
Consumer,3298,10000
Producer,3896,400
Consumer,1971,300
Producer,3056,7800
Consumer,3083,600
Consumer,2189,5500
Producer,4685,203900
Consumer,2698,500
Producer,2175,124100
Consumer,2197,400
Producer,1364,190400
Producer,456,400
Consumer,4358,600
Producer,276,900
Consumer,602,600
Producer,720,600
Consumer,1858,600
Producer,418,600
Producer,3974,300
Consumer,3695,400
Producer,4270,500
Consumer,4065,388900
Consumer,471,11600
Producer,1619,600
Consumer,1683,900
Producer,671,700
Producer,4117,5800
Consumer,4139,900
Producer,4709,400
Consumer,1071,600
Consumer,725,400
Consumer,3592,400
Producer,4560,499600
Consumer,4579,700
Producer,4063,385900
Consumer,1974,500
Producer,1178,353600
Producer,3327,400
Consumer,4160,400
Producer,958,1200
Consumer,1118,700
Producer,2993,400
Consumer,3010,300
Producer,830,300
Consumer,3096,500
Producer,263,800
Producer,1364,400
Producer,3376,400
Consumer,4774,380100
Producer,3272,300
Consumer,3476,352200
Producer,2538,500
Consumer,3846,340600
Producer,1286,500
Consumer,2031,410500
Producer,4091,600
Consumer,1271,422600
Consumer,3320,215900
Producer,3914,500
Producer,755,700
Consumer,4956,258200
Producer,4619,700
Consumer,1724,628400
Consumer,1151,323200
Producer,3455,700
Consumer,3608,365200
Consumer,206,700
Producer,1957,600
Consumer,789,400
Producer,4564,300
Consumer,2215,600
Producer,3919,500
Consumer,3864,500
Producer,3334,400
Consumer,3819,1300
Producer,2387,3900
Consumer,1920,500
Producer,4101,600
Consumer,2804,400
Producer,163,600
Consumer,2441,400
Producer,3656,400
Consumer,3295,12200
Producer,4145,800
Consumer,2528,700
Producer,3883,700
Consumer,4838,600
Producer,2960,800
Consumer,2397,500
Producer,46,900
Consumer,4101,600
Producer,1823,600
Consumer,1113,800
Producer,2529,700
Consumer,831,800
Consumer,1464,700
Producer,1881,600
Producer,1465,400
Consumer,1402,600
Producer,1610,500
Consumer,1084,300
Producer,358,61200
Consumer,29,700
Producer,2926,300
Consumer,4456,500
Producer,976,900
Consumer,566,400
Producer,4465,400
Consumer,4327,400
Producer,4290,500
Consumer,3117,500
Producer,946,400
Consumer,3383,400
Producer,1355,500
Producer,4827,300
Consumer,4812,133400
Consumer,1626,400
Producer,2509,800
Consumer,834,300
Producer,862,500
Consumer,3522,300
Producer,1873,300
Consumer,1347,700
Producer,1595,400
Consumer,3355,300
Producer,4856,300
Consumer,1876,1000
Producer,231,500
Producer,1326,800
Consumer,3972,222600
Producer,4231,300
Consumer,3950,106800
Producer,3694,300
Consumer,3909,131600
Producer,1357,500
Producer,3419,500
Consumer,4983,538800
Producer,2955,300
Producer,80,300
Consumer,4086,521700
Producer,3431,300
Producer,3003,400
Consumer,4850,730100
Producer,3717,400
Consumer,3294,679600
Producer,4717,800
Consumer,2128,500
Consumer,4112,1068600
Producer,827,300
Producer,3378,400
Consumer,2957,1042700
Consumer,1717,552500
Consumer,29,209700
Producer,4316,1100
Consumer,1984,1285700
Producer,214,500
Producer,500,800
Producer,4005,400
Consumer,4149,837700
Producer,1558,400
Producer,1245,1700
Producer,3051,400
Consumer,2160,400
Consumer,3239,400
Producer,1415,165000
Consumer,1,2550700
Consumer,2872,2374400
Producer,2931,400
Consumer,3958,2338200
Producer,759,400
Producer,2283,300
Producer,947,500
Consumer,4612,893400
Producer,3663,600
Producer,1037,400
Consumer,4650,5117600
Producer,4245,600
Consumer,368,1460700
Consumer,3821,929900
Producer,4637,4600
Consumer,4225,4752200
Producer,4936,600
Consumer,3470,1796100
Consumer,1051,801700
Consumer,228,636800
Producer,4499,700
Consumer,3047,1553100
Consumer,1442,230700
Producer,131,700
Consumer,874,1554100
Producer,2143,400
Consumer,1889,1258400
Producer,2735,400
Consumer,992,812700
Producer,571,500
Consumer,1958,899300
Producer,3553,400
Consumer,3711,724100
Producer,4385,400
Consumer,1705,520000
Consumer,1671,268500
Producer,3965,400
Consumer,744,516000
Consumer,1927,400
Producer,1535,400
Producer,3733,600
Consumer,4613,558700
Producer,24,600
Consumer,3692,318800
Producer,4803,800
Consumer,2269,84200
Producer,1609,4100
Consumer,454,1216900
Consumer,379,948600
Consumer,3300,400
Producer,3486,400
Producer,254,700
Consumer,994,600
Consumer,1133,500
Producer,2665,300
Consumer,1712,600
Producer,3136,5600
Consumer,4117,600
Producer,2103,400
Consumer,818,800
Producer,847,600
Producer,4871,700
Consumer,4256,247500
Consumer,2270,700
Producer,1776,4900
Consumer,3626,400
Producer,289,300
Producer,3539,400
Consumer,269,400
Consumer,3007,308800
Producer,2312,400
Consumer,1193,300
Producer,2789,400
Consumer,1104,400
Producer,830,8400
Consumer,1900,300
Producer,1132,1000
Consumer,539,300
Producer,3254,400
Consumer,4958,300
Producer,3709,400
Consumer,4885,400
Producer,534,400
Producer,264,300
Producer,2125,300
Producer,639,300
Consumer,3595,594000
Consumer,153,375000
Producer,1276,5800
Producer,2753,300
Consumer,1851,292900
Consumer,1806,517400
Producer,3603,600
Consumer,1615,205500
Producer,981,400
Consumer,2883,337600
Consumer,422,242700
Producer,516,500
Producer,4271,500
Producer,4446,600
Consumer,4915,672300
Consumer,3121,427500
Consumer,837,240500
Producer,15,300
Producer,4705,400
Consumer,2475,239500
Consumer,2071,135300
Producer,1133,400
Consumer,1436,400
Producer,785,500
Consumer,1053,7200
Producer,2767,400
Consumer,1835,863600
Producer,4183,600
Consumer,1029,129800
Producer,3665,4000
Consumer,4279,183100
Consumer,1857,300
Producer,3041,300
Consumer,754,400
Producer,818,7600
Consumer,2279,4400
Producer,2644,400
Consumer,1686,300
Producer,3030,300
Consumer,2054,300
Producer,3299,400
Consumer,1084,400
Consumer,44,400
Consumer,4434,400
Producer,3591,401300
Consumer,834,400
Producer,4851,469600
Consumer,4182,300
Producer,2526,178900
Consumer,4383,400
Producer,4857,656100
Consumer,2095,400
Producer,2972,520900
Consumer,3464,400
Producer,1141,161400
Consumer,1546,400
Producer,4173,536200
Consumer,1769,600
Producer,600,573300
Producer,638,254700
Consumer,2822,1000
Producer,2532,186400
Consumer,3131,500
Producer,3288,76800
Consumer,4952,300
Producer,1911,122500
Producer,1642,500
Consumer,3917,400
Producer,1645,500
Consumer,589,300
Consumer,2986,300
Producer,645,500
Producer,3697,600
Consumer,141,500
Producer,386,400
Consumer,3871,300
Producer,2321,600
Consumer,1844,500
Producer,2571,400
Consumer,3380,300
Producer,4684,1200
Consumer,2244,800
Producer,998,3200
Consumer,3966,300
Producer,3685,300
Consumer,3355,400
Producer,4777,400
Consumer,3080,400
Producer,2150,1000
Consumer,19,300
Producer,3393,300
Consumer,1676,300
Consumer,3155,600
Producer,4357,121600
Consumer,3273,1600
Producer,2326,178700
Producer,2150,4100
Consumer,2168,300
Producer,1640,500
Consumer,1091,500
Consumer,2985,400
Producer,3521,135200
Consumer,4363,500
Producer,2335,226000
Consumer,4896,400
Producer,4965,197300
Consumer,3775,500
Producer,3601,197700
Producer,1056,400
Consumer,1005,500
Producer,598,700
Consumer,2790,600
Producer,278,500
Consumer,2501,700
Producer,1914,400
Consumer,331,700
Producer,2770,600
Consumer,1569,500
Producer,3624,500
Consumer,4459,400
Producer,657,500
Consumer,4639,300
Producer,4365,600
Consumer,154,800
Producer,3112,4400
Consumer,555,500
Consumer,874,300
Consumer,4972,3300
Producer,4641,370900
Producer,2471,500
Consumer,2107,4100
Consumer,4229,500
Producer,4774,614400
Producer,2146,241900
Consumer,3433,300
Producer,1973,139900
Producer,1652,400
Consumer,3142,9200
Consumer,4946,1300
Producer,4448,170700
Producer,3668,800
Consumer,4889,600
Producer,3538,500
Consumer,4102,500
Producer,2876,1100
Consumer,2000,800
Producer,4029,6300
Consumer,2149,700
Consumer,976,400
Producer,4203,219000
Consumer,1770,800
Producer,1801,115100
Consumer,4730,500
Producer,3494,222300
Consumer,722,300
Producer,1494,213200
Consumer,3494,300
Producer,2613,145000
Consumer,4788,4700
Producer,4402,108300
Consumer,761,400
Consumer,2622,3600
Producer,2738,657900
Producer,218,344800
Producer,2177,400
Consumer,3666,300
Producer,3007,800
Consumer,4398,500
Producer,1549,400
Consumer,595,500
Producer,1493,800
Consumer,3357,500
Producer,845,16100
Consumer,2614,4800
Producer,3515,500
Consumer,885,400
Producer,3925,400
Consumer,4943,400
Producer,4423,500
Consumer,272,3200
Producer,822,300
Consumer,2516,300
Producer,293,400
Consumer,4108,800
Producer,2351,400
Consumer,3377,400
Producer,4284,300
Consumer,1959,900
Producer,1154,600
Consumer,921,400
Producer,4194,400
Consumer,3274,400
Producer,969,500
Consumer,1422,300
Producer,1673,800
Consumer,3190,900
Producer,404,600
Producer,4104,400
Consumer,3953,235700
Producer,1524,600
Consumer,4384,40500
Producer,1292,500
Producer,3811,300
Consumer,2430,402700
Consumer,862,331700
Producer,1369,300
Consumer,2353,405300
Producer,1093,300
Producer,826,300
Producer,709,800
Consumer,3698,730100
Producer,668,400
Producer,329,400
Producer,4592,600
Consumer,1819,619900
Consumer,3641,927800
Producer,3080,500
Consumer,2350,1333400
Producer,143,500
Producer,1382,300
Producer,472,300
Consumer,1381,1649200
Producer,476,400
Producer,203,600
Producer,3250,700
Consumer,4902,1974100
Producer,4220,600
Consumer,3092,1883500
Producer,349,400
Producer,4216,300
Consumer,3000,1890000
Consumer,2046,1331000
Producer,2961,400
Consumer,2378,2247700
Producer,2657,400
Producer,21,300
Consumer,2280,1820000
Consumer,1627,1699600
Producer,4893,400
Consumer,4755,2250800
Producer,2022,400
Producer,3293,500
Consumer,1591,1629400
Consumer,1121,1890800
Producer,151,600
Producer,3172,800
Consumer,4503,1921000
Consumer,507,1745800
Producer,2365,300
Consumer,3677,2284500
Producer,355,5200
Producer,3072,300
Producer,1097,400
Consumer,2625,2383300
Producer,886,300
Producer,3458,400
Consumer,3375,2399800
Producer,2878,400
Consumer,4845,2637400
Producer,4208,1100
Consumer,4117,2523400
Producer,2752,900
Consumer,3379,2844800
Producer,2637,900
Consumer,2739,3053900
Producer,266,300
Producer,4488,400
Consumer,3971,2730200
Consumer,1199,2531100
Producer,2749,600
Producer,2006,300
Consumer,752,2578000
Producer,1668,600
Consumer,32,2466600
Consumer,3343,3592500
Consumer,1643,2221000
Producer,2887,300
Consumer,3514,2847000
Producer,4059,400
Consumer,2548,2604800
Consumer,229,1941700
Producer,1264,700
Producer,2018,400
Producer,237,400
Consumer,4520,3032100
Producer,3845,600
Producer,2574,300
Consumer,4766,2570200
Consumer,603,2478600
Producer,1118,400
Producer,2234,300
Consumer,4942,2431700
Producer,3238,400
Producer,1795,3500
Consumer,4393,2734100
Producer,1152,500
Producer,4852,4800
Consumer,2895,3106400
Producer,689,300
Producer,570,400
Consumer,3989,3448400
Producer,1666,500
Producer,345,900
Consumer,2892,109694200
